#
# $Id: ncsa-sdsc-user-map,v 1.3 2003-07-20 22:37:59-07 kst Exp $
# $Source: /home/kst/gx-map-redacted/ncsa-sdsc-user-map,v $
# 
# This file is a first cut at a mapping of user names between SDSC's
# and NCSA's TeraGrid clusters.
#
# I generated it by running a Perl script over the /etc/passwd files
# from both systems.  The script ignores system accounts, then gathers
# together information for accounts for users with the same last name
# (as determined by the GCOS field).
#
# I then manually went through the list and eliminated any doubtful
# entries (different first names, etc.); these appear as comments at
# the end of the file.
#
# This is not a long-term solution; it should be replaced by a table
# generated from a definitive TeraGrid user database.
#
# Generated by Keith Thompson, kst@sdsc.edu, 2003-07-19.
#

jalameda@ncsa    ux400689@sdsc     # Jay Alameda
gallen@ncsa      ux450302@sdsc     # Gabrielle Allen
uxpaul@ncsa      uxpaul@sdsc       # Paul Andersen
sanderso@ncsa    ux454328@sdsc     # Sarah E. Anderson / Sarah Anderson
arnoldg@ncsa     ux453915@sdsc     # Galen Arnold
bartelt@ncsa     uxmark@sdsc       # Mark Bartelt
jbasney@ncsa     jbasney@sdsc      # Jim Basney
gbauer@ncsa      ux454372@sdsc     # Gregory Bauer
beckman@ncsa     ux454139@sdsc     # Pete Beckman / Peter Beckman
binns@ncsa       ux454384@sdsc     # Justin Binns
birnbaum@ncsa    birnbaum@sdsc     # Adam Birnbaum
ruxandra@ncsa    ux454087@sdsc     # Ruxandra Bondarescu
bordner@ncsa     ux452912@sdsc     # James Bordner
leesa@ncsa       leesa@sdsc        # Leesa Brieger
ian@ncsa         ux453928@sdsc     # Ian Brooks
brunett@ncsa     u13436@sdsc       # Sharon Brunett
julian@ncsa      ux421033@sdsc     # Julian J. Bunn / Julian Bunn
mbutler@ncsa     ux454335@sdsc     # Michelle L Butler / Michelle Butler
rbyrnes@ncsa     rbyrnes@sdsc      # Robert Byrnes
ncagle@ncsa      ux454455@sdsc     # Nada Cagle
acheng@ncsa      ux421010@sdsc     # Albert K. Cheng / Albert Cheng
achien@ncsa      ux454407@sdsc     # Andrew A. Chien / Andrew Chien
dchoi@ncsa       dchoi@sdsc        # Dongju Choi / Dong Ju Choi
chrabakh@ncsa    ux454293@sdsc     # Wahid Chrabakh
tmx@ncsa         ux454319@sdsc     # Tom Christian
gchun@ncsa       ux453416@sdsc     # Greg Chun / Gregory Chun
yfcui@ncsa       yfcui@sdsc        # Yifeng Cui / Yi Feng Cui
cutchin@ncsa     cutchin@sdsc      # Steve Cutchin / Steven Cutchin
daues@ncsa       ux453102@sdsc     # Gregory E. Daues / Greg Daues
decastro@ncsa    decastro@sdsc     # Alex DeCastro
diegella@ncsa    diegella@sdsc     # Larry A. Diegel
dombrowh@ncsa    dombrowh@sdsc     # Jay Dombrowski
todrews@ncsa     ux453930@sdsc     # Timothy Drews
kericson@ncsa    kericson@sdsc     # Kate Ericson
mfaerman@ncsa    mfaerman@sdsc     # Marcio Faerman
fariba@ncsa      fariba@sdsc       # Fariba Fana
feldmann@ncsa    ux453876@sdsc     # Michael Feldmann
finley@ncsa      ux454326@sdsc     # Brian Finley
frederik@ncsa    frederik@sdsc     # Donald Frederick
patrickg@ncsa    ux454331@sdsc     # Patrick Geoffray
gleicher@ncsa    gleicher@sdsc     # Michael Gleicher
mgower@ncsa      ux453809@sdsc     # Michelle Gower
jgreen@ncsa      ux453932@sdsc     # Joseph Greenseid / Joe Greenseid
harkness@ncsa    harkness@sdsc     # Robert P. Harkness / Robert Harkness
eriche@ncsa      ux454453@sdsc     # Eric He
ux452554@ncsa    ux452554@sdsc     # Richard Henchman
dodi@ncsa        ux452347@sdsc     # Dodi Heryadi
holland@ncsa     holland@sdsc      # Dominic Holland
weddie@ncsa      ux453927@sdsc     # Weddie Jackson
jjacob@ncsa      ux451398@sdsc     # Joseph Jacob
praveen@ncsa     ux453926@sdsc     # Praveen Jagadishprasad
sjohn@ncsa       sjohn@sdsc        # Susan John
tkaiser@ncsa     tkaiser@sdsc      # Tim Kaiser / Timothy Kaiser
karonis@ncsa     ux421134@sdsc     # Nicholas Karonis
kaushik@ncsa     ux453146@sdsc     # Dinesh Kaushik / Dinesh Kumar Kaushik
bdkim@ncsa       ux454323@sdsc     # Byoung-Do Kim / Byoungdo Kim
gkoenig@ncsa     ux453913@sdsc     # Gregory A Koenig / Gregory Koenig
pkovatch@ncsa    pkovatch@sdsc     # Patricia Kovatch
kremenek@ncsa    kremenek@sdsc     # George Kremenek
kwok@ncsa        kwok@sdsc         # Wai Yip Kwok
dlapine@ncsa     ux454329@sdsc     # Dan Lapine / Daniel Lapine
gregor@ncsa      ux421105@sdsc     # Gregor von Laszewski
dleitko@ncsa     ux454317@sdsc     # David Leitko
wilfred@ncsa     wilfred@sdsc      # Wilfred Li
slindsey@ncsa    lindsey@sdsc      # Susan Lindsey
litvin@ncsa      ux454327@sdsc     # Vladimir Litvine
bruce@ncsa       u15326@sdsc       # Bruce Loftis
longa@ncsa       longa@sdsc        # Antoinette Long
slu@ncsa         ux453807@sdsc     # Songyu (Raymond) Lu / Songyu Lu
majumdar@ncsa    majumdar@sdsc     # Amitava Majumdar
marcusiu@ncsa    ux400360@sdsc     # Doru I Marcusiu / Doru Marcusiu
davem@ncsa       davem@sdsc        # David G McWilliams / Dave McWilliams
cmills@ncsa      cmills@sdsc       # Cathy Mills / Catherine Mills
mock@ncsa        mock@sdsc         # Stephen Mock
natarajn@ncsa    ux454457@sdsc     # Shreedhar Natarajan
jnavarro@ncsa    ux454332@sdsc     # John-Paul Navarro / Johnpaul Navarro
bnenow@ncsa      ux454318@sdsc     # Robert Nenow
mpackard@ncsa    mpackard@sdsc     # Mike Packard
apant@ncsa       ux453899@sdsc     # Avneesh Pant
papka@ncsa       ux453808@sdsc     # Michael Papka
scottp@ncsa      ux451021@sdsc     # Scott Parker
dmitryp@ncsa     dmitry@sdsc       # Dmitry Pekurovsky
robp@ncsa        robpenn@sdsc      # Rob Pennington / Robert L. Pennington
pfeiffer@ncsa    pfeiffer@sdsc     # Wayne Pfeiffer
mikep@ncsa       ux453898@sdsc     # Michael R Pflugmacher / Michael Pflugmacher
pingleto@ncsa    ux453929@sdsc     # Michael Robert Pingleton / Mike Pingleton
joshuap@ncsa     joshuap@sdsc      # Joshua Polterock
lrenambo@ncsa    ux454458@sdsc     # Luc Renambot
tony@ncsa        tony@sdsc         # Anthony Rimovsky / Tony Rimovsky
rross@ncsa       ux454383@sdsc     # Robert B. Ross / Robert Ross
arossi@ncsa      ux453877@sdsc     # Albert L. Rossi / Albert Rossi
ruddk@ncsa       ux454316@sdsc     # Kevin Rudd
msayeed@ncsa     ux453783@sdsc     # Mohamed Sayeed
schroede@ncsa    schroede@sdsc     # Wayne Schroeder
pshin@ncsa       kg@sdsc           # Peter Shin
mshow@ncsa       mshow@sdsc        # Michael Showerman / Mike Showerman
ssmallen@ncsa    ssmallen@sdsc     # Shava Smallen
sobh@ncsa        ux454456@sdsc     # Nahil Sobh
csteffen@ncsa    ux453875@sdsc     # Craig Steffen
straka@ncsa      straka@sdsc       # Mark Anton Straka / Mark Straka
jtchieu@ncsa     jtchieu@sdsc      # Jason Tchieu
kst@ncsa         kst@sdsc          # Keith Thompson
vveytser@ncsa    veytser@sdsc      # Vladimir Veytser
welling@ncsa     ux454385@sdsc     # Joel Welling
swhitmor@ncsa    swhitmor@sdsc     # Shannon D. Whitmore / Shannon Whitmore
wilde@ncsa       ux454325@sdsc     # Michael Wilde
wilkinsn@ncsa    wilkinsn@sdsc     # Nancy Wilkins-Diehr
royw@ncsa        ux400560@sdsc     # Roy Williams
winkler@ncsa     lwinkler@sdsc     # Linda Winkler
wolter@ncsa      wolter@sdsc       # Nicole Wolter
xwu1@ncsa        ux454409@sdsc     # Ryan Wu
hxia@ncsa        ux454408@sdsc     # Huaxia Xia
smyan@ncsa       ux453931@sdsc     # Shengquan Yan
kenneth@ncsa     kenneth@sdsc      # Kenneth Yoshimoto / Ken Yoshimoto
youssef@ncsa     ux454516@sdsc     # Saul Youssef
yanan@ncsa       yanan@sdsc        # Yanan Yu

erike@ncsa       erike@sdsc        # Erik Enquist / Erik Engquist
srb@ncsa         srb@sdsc          # Bing Zhu / Storage Resource Broker

# xcao@ncsa        ux454324@sdsc     # Xiangchi Cao / Peter Cao
# chrisman@sdsc    cameron@sdsc      # Rachel Chrisman / Cameron Chrisman
# cotofana@ncsa    neil@sdsc         # Neil Cotofana / Corneliu Cotofana
# ux400458@sdsc    ux452645@sdsc     # Dan Cummings / Julian Cummings
# qliu@ncsa        ux454088@sdsc     # Qian Liu / Xinlian Liu
# gmahinth@ncsa    u15898@sdsc       # Gnanamanikam Mahinthakumar / Kumar Mahinthakumar
# mmiller@sdsc     ux453886@sdsc    ux454090@sdsc     # Mark Miller / Lawrence Miller / Neill Miller
# jquinn@ncsa      squinn@sdsc       # John Quinn / Steve Quinn
# ux415548@sdsc    ux454091@sdsc     # Yang Wang / Long Wang
